{"options":{"awareOfChrome":false,"check_for_updates":true,"compat_arrayleft":false,"compat_foreach":false,"compat_forvarin":false,"compat_metadata":false,"compat_uW_gmonkey":false,"compat_wrappedjsobject":false,"compatopts_for_requires":true,"noframes":null,"override":{"merge_connects":true,"merge_excludes":true,"merge_includes":true,"merge_matches":true,"orig_connects":[],"orig_excludes":[],"orig_includes":["http*://www.bilibili.com/video/av*","http*://www.bilibili.com/video/BV*","http*://www.bilibili.com/watchlater/#/av*","http*://www.bilibili.com/watchlater/#/BV*","http*://www.bilibili.com/medialist/play/*/*","http*://www.bilibili.com/bangumi/play/*"],"orig_matches":[],"orig_noframes":null,"orig_run_at":"document-end","use_blockers":[],"use_connects":[],"use_excludes":[],"use_includes":[],"use_matches":[]},"run_at":null},"settings":{"enabled":true,"position":21},"meta":{"name":"bilibiliDanmaku","uuid":"03852f35-45a1-458e-8ee9-edeabe06d61d","modified":1606144069369,"file_url":"https://greasyfork.org/scripts/31259-bilibilidanmaku/code/bilibiliDanmaku.user.js"}}