{"options":{"awareOfChrome":false,"check_for_updates":true,"comment":null,"compat_arrayleft":false,"compat_foreach":false,"compat_forvarin":false,"compat_metadata":false,"compat_uW_gmonkey":false,"compat_wrappedjsobject":false,"compatopts_for_requires":true,"noframes":null,"override":{"merge_connects":true,"merge_excludes":true,"merge_includes":true,"merge_matches":true,"orig_excludes":[],"orig_includes":["http://*.cnki.net/kns/ViewPage/viewsave.aspx?*"],"orig_matches":[],"orig_noframes":null,"orig_run_at":"document-idle","use_blockers":[],"use_connects":[],"use_excludes":[],"use_includes":[],"use_matches":[]},"run_at":null},"settings":{"enabled":true,"position":5},"meta":{"name":"CNKI 中国知网自动导出 EndNote 格式题录","uuid":"58cab677-e74c-4ded-ae37-654f3b2650e2","modified":1550175744678,"file_url":"https://greasyfork.org/scripts/18828-cnki-%E4%B8%AD%E5%9B%BD%E7%9F%A5%E7%BD%91%E8%87%AA%E5%8A%A8%E5%AF%BC%E5%87%BA-endnote-%E6%A0%BC%E5%BC%8F%E9%A2%98%E5%BD%95/code/CNKI%20%E4%B8%AD%E5%9B%BD%E7%9F%A5%E7%BD%91%E8%87%AA%E5%8A%A8%E5%AF%BC%E5%87%BA%20EndNote%20%E6%A0%BC%E5%BC%8F%E9%A2%98%E5%BD%95.user.js"}}