{"options":{"awareOfChrome":false,"check_for_updates":true,"comment":null,"compat_arrayleft":false,"compat_foreach":false,"compat_forvarin":false,"compat_metadata":false,"compat_uW_gmonkey":false,"compat_wrappedjsobject":false,"compatopts_for_requires":true,"noframes":null,"override":{"merge_connects":true,"merge_excludes":true,"merge_includes":true,"merge_matches":true,"orig_excludes":[],"orig_includes":["*://tsk.erya100.com/courseAction!toCourseVideo*","*://*tsk.erya100.com/courseAction!toCourseVideo*","*://tsk*.erya100.com/courseAction!toCourseVideo*","*://*tsk*.erya100.com/courseAction!toCourseVideo*","*://*tsk*.erya100.com/courseAction!toCourseVideo*"],"orig_matches":["*://tsk.erya100.com/courseAction!toCourseVideo*","*://*tsk.erya100.com/courseAction!toCourseVideo*","*://tsk*.erya100.com/courseAction!toCourseVideo*"],"orig_noframes":null,"orig_run_at":"document-start","use_blockers":[],"use_connects":[],"use_excludes":[],"use_includes":[],"use_matches":[]},"run_at":null},"settings":{"enabled":true,"position":13},"meta":{"name":"Fuck Erya","uuid":"659f68ad-57e1-4dce-ae07-8b0c09fea630","modified":1552955780026,"file_url":"https://greasyfork.org/scripts/13491-erya/code/Fuck%20Erya.user.js"}}