{"options":{"awareOfChrome":false,"check_for_updates":true,"comment":null,"compat_arrayleft":false,"compat_foreach":false,"compat_forvarin":false,"compat_metadata":false,"compat_uW_gmonkey":false,"compat_wrappedjsobject":false,"compatopts_for_requires":true,"noframes":null,"override":{"merge_connects":true,"merge_excludes":true,"merge_includes":true,"merge_matches":true,"orig_excludes":[],"orig_includes":["*://*.chaoxing.com/mycourse/studentstudy*","*://*.chaoxing.com/ananas/modules/video/index.html*","*://*.chaoxing.com/ananas/modules/work/index.html","*://*.chaoxing.com/ananas/modules/work/index.html*"],"orig_matches":["*://*.chaoxing.com/mycourse/studentstudy*","*://*.chaoxing.com/ananas/modules/video/index.html*","*://*.chaoxing.com/ananas/modules/work/index.html","*://*.chaoxing.com/ananas/modules/work/index.html*"],"orig_noframes":null,"orig_run_at":"document-start","use_blockers":[],"use_connects":[],"use_excludes":[],"use_includes":[],"use_matches":[]},"run_at":null},"settings":{"enabled":true,"position":14},"meta":{"name":"Fuck Chaoxing","uuid":"f3189331-94a4-4431-8e72-589f80e0a44c","modified":1553181426152,"file_url":"https://greasyfork.org/scripts/20059-chaoxing/code/Fuck%20Chaoxing.user.js"}}