{"options":{"awareOfChrome":false,"check_for_updates":true,"compat_arrayleft":false,"compat_foreach":false,"compat_forvarin":false,"compat_metadata":false,"compat_uW_gmonkey":false,"compat_wrappedjsobject":false,"compatopts_for_requires":true,"noframes":null,"override":{"merge_connects":true,"merge_excludes":true,"merge_includes":true,"merge_matches":true,"orig_connects":[],"orig_excludes":[],"orig_includes":[],"orig_matches":["AJHPContents.com","aaas.org","aacrmeetingabstracts.org","aaiddjournals.org","aanda.org","aapgbulletin.datapages.com","aas.aanda.org","academic.mintel.com","accessible.com","acm.org","adisonline.com","adsabs.harvard.edu","adswww.harvard.edu","advan.physiology.org","aeaweb.org","agronomy-journal.org","agu.org","ahiv.alexanderstreet.com","aiaa.org","aimsciences.org","aip.org","ajcn.org","ajcp.ascpjournals.org","ajevonline.org","ajh.sagepub.com","ajp.psychiatryonline.org","ajpcell.physiology.org","ajpendo.physiology.org","ajpgi.physiology.org","ajph.aphapublications.org","ajpheart.physiology.org","ajplegacy.physiology.org","ajplung.physiology.org","ajpregu.physiology.org","ajprenal.physiology.org","ajrccm.atsjournals.org","ajrcmb.org","ajslp.asha.org","ajsonline.org","ajtmh.org","ala.org","als.dukejournals.org","americana.ncsu.edu","americanliterature.dukejournals.org","americanspeech.dukejournals.org","amjbot.org","ams.org","amsciepub.com","analusis.edpsciences.org","anb.org","andrologyjournal.org","animres.edpsciences.org","annals.org","annee-philologique.com","annphys.org","annualreviews.org","anthrosource.net","apex.ipap.jp","apidologie.org","app.harpweek.com","app.harpweek.com","appliedradiology.com","apps.isiknowledge.com","aps.org","apsjournals.apsnet.org","archderm.ama-assn.org","archinte.ama-assn.org","archive.pepublishing.com","archives.chadwyck.com","archneur.ama-assn.org","archopht.ama-assn.org","archpsyc.ama-assn.org","archsurg.ama-assn.org","arjournals.annualreviews.org","artstor.org","asadl.org","asae.frymulti.com","ascelibrary.org","asianannals.ctsnetjournals.org","aslo.org","aspet.org","aspresolver.com","atypon-link.com","aviationweek.com","avmajournals.avma.org","bas.umdl.umich.edu","bbmt.org","bepress.com","berrymaninstitute.org","biochemj.org","biochemsoctrans.org","biol.uni.wroc.pl","biolbull.org","biolreprod.org","bioone.org","bioscirep.org","biotechniques.com","blackwell-synergy.com","bloodjournal.hematologylibrary.org","bmj.com","bna.birds.cornell.edu","bos.frb.org","botany.org","boundary2.dukejournals.org","britannica.com","bsas.org.uk","bssaonline.org","bul.sagepub.com","businessweek.com","cabdirect.org","cabi.org","cameraobscura.dukejournals.org","cancerres.aacrjournals.org","canreviews.aacrjournals.org","carbo.chemnetbase.com","cawq.ca","ccd.chemnetbase.com","ccl.sagepub.com","cell.com","cgd.aacrjournals.org","checkpoint.riag.com","chelonianjournals.org","chemnetbase.com","chestjournal.chestpubs.org","chicagomanualofstyle.org","china.eastview.com","choicesmagazine.org","chronicle.com","ci.nii.ac.jp","ciaonet.org","cindasdata.com","ciw.edu","cjc-online.ca","cl.uwpress.org","clevelandfed.org","clincancerres.aacrjournals.org","clinchem.org","clinmed.netprints.org","clinsci.org","cms.math.ca","cnki.en.eastview.com","collections.chadwyck.com","communicationencyclopedia.com","complit.dukejournals.org","computerworld.com","consumerinterests.org","contemporaryobgyn.net","content.karger.com","corporateaffiliations.com","crcnetbase.com","crl.acrl.org","crln.acrl.org","cro2.org","cshmonographs.org","cshprotocols.cshlp.org","csi.sagepub.com","dandini.emeraldinsight.com","darwin.edu.ar","db.chemsources.com","dccc.chemnetbase.com","dev.biologists.org","dfc.chemnetbase.com","dichtung-digital.de","digital.library.mcgill.ca","digitalmicrofilm.proquest.com","dioc.chemnetbase.com","discovermagazine.com","dl.acm.org","dl.begellhouse.com","dlib.eastview.com","dmd.aspetjournals.org","dmnp.chemnetbase.com","dx.doi.org","ebm.rsmjournals.com","ebook.rsc.org","economist.com","edgj.org","edm.sagepub.com","edpsciences.org","edrv.endojournals.org","educationbook.aacrjournals.org","eebo.chadwyck.com","eenews.net","ehq.sagepub.com","ejorel.com","electrochem.org","elementsmagazine.org","els.net","ema.sagepub.com","emeraldinsight.com","ems-ph.org","endo.endojournals.org","engineeringvillage2.com","enterprise.astm.org","epirev.oupjournals.org","epjap.org","epubs.ans.org","er.uwpress.org","erc.endocrinology-journals.org","erg.sagepub.com","esa.publisher.ingentaconnect.com","esajournals.org","etde.org","ethnohistory.dukejournals.org","europhysicsnews.org","evolutionary-ecology.com","exacteditions.com","extensionreport.osu.edu","facs.org","familiesinsociety.org","fao.org","fasebj.org","fhs.dukejournals.org","fiaf.chadwyck.com","find.acacamps.org","find.galegroup.com","firstsearch.oclc.org","fundingopps2.cos.com","fyesit.metapress.com","gateway.proquest.com","genesdev.cshlp.org","genetics.org","genome.cshlp.org","genomebiology.com","geology.gsapubs.org","giorgio.ingentaselect.com","global-sci.com","glq.dukejournals.org","gmr.minsocam.org","gpoaccess.gov","groveart.com","grovemusic.com","gsabulletin.gsapubs.org","gse-journal.org","gut.bmj.com","hahr.dukejournals.org","hapi.gseis.ucla.edu","heart.bmj.com","heinonline.org","hh.um.es","hope.dukejournals.org","hortsci.ashspublications.org","horttech.ashspublications.org","hsus.cambridge.org","hti.umich.edu","http://*.aasv.org/*","http://*.acm.org/*","http://*.acs.org/*","http://*.baidu.com/*","http://*.biomedcentral.com/*","http://*.bioon.com.cn/*","http://*.bmj.com/*","http://*.cabdirect.org/*","http://*.cambridge.org/*","http://*.cell.com/*","http://*.cnki.com.cn/*","http://*.cnki.net/*","http://*.cqvip.com/*","http://*.csiro.au/*","http://*.csis.cn/*","http://*.edu.cn/*","http://*.edu/*","http://*.en.cnki.com.cn/*","http://*.europepmc.org/*","http://*.frontiersin.org/*","http://*.google.com.co.uk/*","http://*.google.com.hk/*","http://*.google.com/*","http://*.google.nl/*","http://*.j-csam.org/*","http://*.jstor.org/*","http://*.mr-gut.cn/*","http://*.nature.com/*","http://*.ncbi.nlm.nih.gov/*","http://*.oxfordjournals.org/*","http://*.physiology.org/*","http://*.plos.org/*","http://*.plosjournals.org/*","http://*.plosone.org/*","http://*.pnas.org/*","http://*.pubmed.cn/*","http://*.pubmed.com/*","http://*.pubmedcentral.nih.gov/*","http://*.pubmedcentralcanada.ca/*","http://*.researchgate.net/*","http://*.sci-hub.is/*","http://*.sci-hub.mu/*","http://*.sci-hub.se/*","http://*.sci-hub.tw/*","http://*.sciencedirect.com/*","http://*.sciencemag.org/*","http://*.springer.com/*","http://*.springerlink.com/*","http://*.tandfonline.com/*","http://*.tcsae.org/*","http://*.thelancet.com/*","http://*.wanfangdata.com.cn/*","http://*.wiley.com/*","http://*.worldscientific.com/*","http://*/doi/abs/*","http://*/doi/full/*","http://cqvip.com/*","http://doi.org/*","http://dx.doi.org/*","http://europepmc.org/*","http://pubmed.cn/*","http://pubmed.com/*","http://pubmedcentralcanada.ca/*","http://researcherslinks.com/*","http://sci-hub.is/*","http://sci-hub.mu/*","http://sci-hub.se/*","http://sci-hub.tw/*","https://*.aasv.org/*","https://*.acs.org/*","https://*.aip.org/*","https://*.aps.org/*","https://*.arch-anim-breed.net/*","https://*.asm.org/*","https://*.bing.com/*","https://*.biomedcentral.com/*","https://*.bioon.com/*","https://*.bmj.com/","https://*.bmj.com/*","https://*.cambridge.org/*","https://*.cell.com/*","https://*.cn-ki.net/*","https://*.edu/*","https://*.frontiersin.org/*","https://*.futuremedicine.com/*","https://*.google.com.co.uk/*","https://*.google.com.hk/*","https://*.google.com/*","https://*.google.nl/*","https://*.ieee.org/*","https://*.jstor.org/*","https://*.livestockscience.com/*","https://*.mr-gut.cn/*","https://*.nature.com/*","https://*.ncbi.nlm.nih.gov/*","https://*.oup.com/*","https://*.oxfordjournals.org/*","https://*.physiology.org/*","https://*.royalsocietypublishing.org/*","https://*.sci-hub.mu/*","https://*.sci-hub.tw/*","https://*.sci-hub.win/*","https://*.sciencedirect.com/*","https://*.springer.com/*","https://*.tandfonline.com/*","https://*.unesp.br/*","https://*.webofknowledge.com/*","https://*.wikipedia.org/","https://*.wikipedia.org/*","https://*.wiley.com/*","https://*/doi/abs/*","https://*/doi/full/*","https://arxiv.org/*","https://doi.org/*","https://europepmc.org/*","https://mp.weixin.qq.com/s*","https://pnas.org/*","https://pubs.acs.org.ccindex.cn/*","https://pubs.rsc.org/*","https://sci-hub.mu/*","https://sci-hub.tw/*","https://sci-hub.win/*","https://www.ajas.info/*","https://www.biorxiv.org/*","https://www.ejog.org/*","https://www.ingentaconnect.com/*","https://www.koreascience.or.kr/article/*.page","https://www.mdpi.com/*","https://zhuanlan.zhihu.com/p/*","hull.ac.uk","ias.ac.in","ibe.sagepub.com","ibisworld.com","ibra.org.uk","icevirtuallibrary.com","icf.uab.es","ici.org","ida.liu.se","ieee.org","ieeexplore.ieee.org","ihserc.com","iimp.chadwyck.com","ijc.org","ijdb.ehu.es","ijee.ie","ijs.sgmjournals.org","impublications.com","inda.org","informahealthcare.com","informaworld.com","infotrac.galegroup.com","infoweb.newsbank.com","ingentaconnect.com","ingentaselect.com","inpractice.bmj.com","inscribe.iupress.org","int-res.com","interfaces.journal.informs.org","interscience.wiley.com","iop.org","iopscience.iop.org","iovs.org","ipap.jp","ir.uiowa.edu","isiknowledge.com","isr.journal.informs.org","itergateway.org","itn.is","iucn.org","iupac.org","iwaponline.com","jaaha.org","jama.ama-assn.org","jap.physiology.org","japr.fass.org","jas.fass.org","jbc.org","jbjs.org","jbmronline.org","jcb.rupress.org","jcem.endojournals.org","jco.ascopubs.org","jcp.bmj.com","jcs.biologists.org","jeb.biologists.org","jem.rupress.org","jgp.rupress.org","jgs.lyellcollection.org","jgslegacy.lyellcollection.org","jhortscib.org","jhr.uwpress.org","jhse.org","jimmunol.org","jleukbio.org","jlr.org","jme.endocrinology-journals.org","jmems.dukejournals.org","jmm.sgmjournals.org","jn.nutrition.org","jn.physiology.org","jneurosci.org","jnm.snmjournals.org","jnnp.bmj.com","jnrlse.org","joa.isa-arbor.com","joc.journal.informs.org","joe.endocrinology-journals.org","john-libbey-eurotext.fr","journal.ashspublications.org","journal.telospress.com","journals.ametsoc.org","journals.cambridge.org","journals.hil.unb.ca","journals.humankinetics.com","journals.iucr.org","journals.naspa.org","journals.sagamorepub.com","journals.tdl.org","journalstp.gracescientific.com","jove.com","jp.physoc.org","jpet.aspetjournals.org","jpsj.ipap.jp","jsad.com","jsedres.sepmonline.org","jslhr.asha.org","jstage.jst.go.jp","jstor.org","jswconline.org","jwildlifedis.org","jyi.org","kluwerlawonline.com","kluweronline.com","knovel.com","la.rsmjournals.com","labanimal.com","labor.dukejournals.org","landesbioscience.com","le.uwpress.org","lexis-nexis.com","lexisnexis.com","library.cqpress.com","library.pressdisplay.com","library.seg.org","libraryissues.com","liebertonline.com","link.springer-ny.com","link.springer.de","links.jstor.org","livingbird.org","lj.uwpress.org","mansci.journal.informs.org","mapress.com","math.ualberta.ca","mcponline.org","mcr.aacrjournals.org","mcr.sagepub.com","mend.endojournals.org","metapress.com","metla.fi","mic.sgmjournals.org","millerpublishing.com","minsocam.org","mitpressjournals.org","mktsci.journal.informs.org","mlajournals.org","mluri.sari.ac.uk","mmm.edpsciences.org","molbiolcell.org","molpharm.aspetjournals.org","mor.journal.informs.org","mp.bmj.com","mq.dukejournals.org","msp.berkeley.edu","msucares.com","muse.jhu.edu","museumoftheearth.org","mycologia.org","myinsight.ihsglobalinsight.com","nactateachers.org","nationaljournal.com","nature.com","nber.org","nc-apa.org","ncbi.nlm.nih.gov","ncbiotech.org","nccsdataweb.urban.org","ncdjjdp.org","ncjrs.org","nclive.org","ncph.org","ncpublicschools.org","ncsu.naxosmusiclibrary.com","ncte.org","nejm.org","netLibrary.com","netadvantage.standardandpoors.com","netlibrary.com","new.sourceoecd.org","news.reseau-concept.net","ngc.dukejournals.org","nho.sagepub.com","nonlin-processes-geophys.net","novel.dukejournals.org","npprj.spci.se","nrcresearchpress.com","nsarchive.chadwyck.com","nsrl.ttu.edu","nucl.annualreviews.org","nv-med.com","nybooks.com","observateurocde.org","oecd-ilibrary.org","oecdobserver.org","oed.com","oldcitypublishing.com","online.sagepub.com","onlinelibrary.wiley.com","ophthalmologytimes.modernmedicine.com","opticsinfobase.org","or.journal.informs.org","orgsci.journal.informs.org","osa-opn.org","ovidsp.ovid.com","oxfordlanguagedictionaries.com","oxfordmusiconline.com","pacificarchaeology.org","pads.dukejournals.org","palgrave-journals.com","papers.nber.org","pasj.asj.or.jp","peanutscience.com","pedagogy.dukejournals.org","perceptionweb.com","pgrsa.org","pharmacists.ca","pharmrev.aspetjournals.org","philreview.dukejournals.org","phycologia.org","physicsweb.org","physicsworldarchive.iop.org","physiolgenomics.physiology.org","physrev.physiology.org","plantcell.org","plantmanagementnetwork.org","plantphysiol.org","pld.chadwyck.com","podiatrytoday.com","poeticstoday.dukejournals.org","polymersdatabase.com","portal.acm.org","portal.euromonitor.com","portico.org","positions.dukejournals.org","pracademics.com","priory.com","prisma.chadwyck.com","products.asminternational.org","projecteuclid.org","proquest.safaribooksonline.com","proquest.umi.com","proxying.lib.ncsu.edu","ps.fass.org","ptp.ipap.jp","publicculture.dukejournals.org","publish.csiro.au","pubs.acs.org","pubs.aic.ca","pubs.amstat.org","pubservices.nrc-cnrc.ca","purl.access.gpo.gov","pwq.sagepub.com","qjps.com","quod.lib.umich.edu","radiology.rsna.org","railwayage.com","raj.sagepub.com","reading.org","redbooks.com","reference-global.com","referenceusa.com","refuniv.odyssi.com","reproduction-online.org","revista-iberoamericana.pitt.edu","revophth.com","rff.org","rhr.dukejournals.org","rnajournal.cshlp.org","rnd.edpsciences.org","ropercenter.uconn.edu","rothamsted.bbsrc.ac.uk","royalsociety.org.nz","rphr.endojournals.org","rsc.org","rsh.sagepub.com","sagamorepub.com","sanborn.umi.com","saq.dukejournals.org","sbrnet.com","schattauer.de","scholar.google.com","sciencedirect.com","sciencemag.org","scientific.net","seab.envmed.rochester.edu","search.ebscohost.com","search.epnet.com","search.marquiswhoswho.com","search.proquest.com","search.rdsinc.com","searchcenter.intelecomonline.net","seg.org","services.bepress.com","simplymap.com","site.ebrary.com","slac.stanford.edu","social.chass.ncsu.edu","socialtext.dukejournals.org","societyforchaostheory.org","spie.org","spiedl.org","springerlink.com","springerlink.de","springerlink.metapress.com","springerprotocols.com","ssh.dukejournals.org","stacks.iop.org","statpak.gov.pk","stepsheet.stsci.edu","stke.sciencemag.org","swissmedic.ch","symposium.cshlp.org","tandfonline.com","tannerlectures.utah.edu","tappi.micronexx.com","taw.sagepub.com","technologyreview.com","theannals.com","theater.dukejournals.org","thecochranelibrary.com","theiwrc.org","thejns.org","themerckindex.cambridgesoft.com","theses.com","thomist.org","toxnet.nlm.nih.gov","transci.journal.informs.org","trb.org","turf.lib.msu.edu","turpion.org","tvnews.vanderbilt.edu","uark.edu","uli.org","ulrichsweb.com","unstats.un.org","vdi.sagepub.com","veterinaryrecord.bmj.com","vetres.org","vha.usc.edu","victoriandatabase.com","victorianperiodicals.com","vir.sgmjournals.org","vnweb.hwwilsonweb.com","web.jbjs.org.uk","web.lexis-nexis.com","wgsn.com","whiv.alexanderstreet.com","wilsonweb2.hwwilson.com","wkap.nl","worldscinet.com","worldscinetarchives.com","worldshakesbib.org","wrds-web.wharton.upenn.edu","wssa.allenpress.com","wto.org","www-pub.iaea.org","www2.acs.ncsu.edu","www3.interscience.wiley.com","www3.nationaljournal.com","www3.stat.sinica.edu.tw","xlink.rsc.org","ybook.co.jp","zentralblatt-math.org","znaturforsch.com"],"orig_noframes":null,"orig_run_at":"document-idle","use_blockers":[],"use_connects":[],"use_excludes":[],"use_includes":[],"use_matches":[]},"run_at":null},"settings":{"enabled":true,"position":1},"meta":{"name":"Sci-hub button","uuid":"85a2f755-a365-4c21-a6be-a05e4086cb42","modified":1606144121930,"file_url":"https://greasyfork.org/scripts/370246-sci-hub-button/code/Sci-hub%20button.user.js"}}