{"options":{"awareOfChrome":false,"check_for_updates":true,"comment":null,"compat_arrayleft":false,"compat_foreach":false,"compat_forvarin":false,"compat_metadata":false,"compat_uW_gmonkey":false,"compat_wrappedjsobject":false,"compatopts_for_requires":true,"noframes":null,"override":{"merge_connects":true,"merge_excludes":true,"merge_includes":true,"merge_matches":true,"orig_excludes":[],"orig_includes":[],"orig_matches":["*://*.youtube.com/*","*://*.reddit.com/*","*://*.quora.com/*","*://moomoo.io/*"],"orig_noframes":null,"orig_run_at":"document-start","use_blockers":[],"use_connects":[],"use_excludes":[],"use_includes":[],"use_matches":[]},"run_at":null},"settings":{"enabled":true,"position":16},"meta":{"name":"ScriptSource: The Leading Portal for Web Apps [YouTube/Quora/Reddit/Discord/+More]","uuid":"170188fe-9e0d-49ed-8a54-7716e7c9106a","modified":1562221520921,"file_url":"https://greasyfork.org/scripts/38857-scriptsource-the-leading-portal-for-web-apps-youtube-reddit-moomoo-io-krunker-io/code/ScriptSource:%20The%20Leading%20Portal%20for%20Web%20Apps%20%5BYouTube%20%20Reddit%20%20MooMooio%20%20Krunkerio%5D.user.js"}}