{"options":{"awareOfChrome":false,"check_for_updates":true,"comment":null,"compat_arrayleft":false,"compat_foreach":false,"compat_forvarin":false,"compat_metadata":false,"compat_uW_gmonkey":false,"compat_wrappedjsobject":false,"compatopts_for_requires":true,"noframes":null,"override":{"merge_connects":true,"merge_excludes":true,"merge_includes":true,"merge_matches":true,"orig_excludes":[],"orig_includes":[],"orig_matches":["http://*.weibo.com/*","https://*.weibo.com/*"],"orig_noframes":null,"orig_run_at":"document-idle","use_blockers":[],"use_connects":[],"use_excludes":[],"use_includes":[],"use_matches":[]},"run_at":null},"settings":{"enabled":true,"position":28},"meta":{"name":"Weibo Larger Pics 新浪微博之我要看大图","uuid":"17c60bf0-6b47-4e75-b67a-edb7cd38e305","modified":1567589528675,"file_url":"https://greasyfork.org/scripts/5038-weibo-larger-pics-%E6%96%B0%E6%B5%AA%E5%BE%AE%E5%8D%9A%E4%B9%8B%E6%88%91%E8%A6%81%E7%9C%8B%E5%A4%A7%E5%9B%BE/code/Weibo%20Larger%20Pics%20%E6%96%B0%E6%B5%AA%E5%BE%AE%E5%8D%9A%E4%B9%8B%E6%88%91%E8%A6%81%E7%9C%8B%E5%A4%A7%E5%9B%BE.user.js"}}