{"options":{"awareOfChrome":false,"check_for_updates":true,"comment":null,"compat_arrayleft":false,"compat_foreach":false,"compat_forvarin":false,"compat_metadata":false,"compat_uW_gmonkey":false,"compat_wrappedjsobject":false,"compatopts_for_requires":true,"noframes":null,"override":{"merge_connects":true,"merge_excludes":true,"merge_includes":true,"merge_matches":true,"orig_connects":[],"orig_excludes":[],"orig_includes":[],"orig_matches":["*://www.youtube.com/watch?v=*","*://www.youtube.com","*://www.youtube.com/*"],"orig_noframes":null,"orig_run_at":"document-start","use_blockers":[],"use_connects":[],"use_excludes":[],"use_includes":[],"use_matches":[]},"run_at":null},"settings":{"enabled":true,"position":45},"meta":{"name":"youtube中英双语字幕","uuid":"58a6c731-6340-4a4e-9c34-4726eba47ccf","modified":1609592131330,"file_url":"https://greasyfork.org/scripts/406994-youtube%E4%B8%AD%E8%8B%B1%E5%8F%8C%E8%AF%AD%E5%AD%97%E5%B9%95/code/youtube%E4%B8%AD%E8%8B%B1%E5%8F%8C%E8%AF%AD%E5%AD%97%E5%B9%95.user.js"}}