{"options":{"awareOfChrome":false,"check_for_updates":true,"comment":null,"compat_arrayleft":false,"compat_foreach":false,"compat_forvarin":false,"compat_metadata":false,"compat_uW_gmonkey":false,"compat_wrappedjsobject":false,"compatopts_for_requires":true,"noframes":null,"override":{"merge_connects":true,"merge_excludes":true,"merge_includes":true,"merge_matches":true,"orig_connects":[],"orig_excludes":[],"orig_includes":["https://*youtube.com/*"],"orig_matches":[],"orig_noframes":null,"orig_run_at":"document-idle","use_blockers":[],"use_connects":["video.google.com"],"use_excludes":[],"use_includes":[],"use_matches":[]},"run_at":null},"settings":{"enabled":true,"position":44},"meta":{"name":"Youtube Subtitle Downloader v28","uuid":"03821df7-e729-4743-b8ff-0dc13eec519c","modified":1607429984008,"file_url":"https://greasyfork.org/scripts/5368-youtube-subtitle-downloader-v28/code/Youtube%20Subtitle%20Downloader%20v28.user.js"}}