{"options":{"awareOfChrome":false,"check_for_updates":true,"comment":null,"compat_arrayleft":false,"compat_foreach":false,"compat_forvarin":false,"compat_metadata":false,"compat_uW_gmonkey":false,"compat_wrappedjsobject":false,"compatopts_for_requires":true,"noframes":null,"override":{"merge_connects":true,"merge_excludes":true,"merge_includes":true,"merge_matches":true,"orig_connects":[],"orig_excludes":[],"orig_includes":[],"orig_matches":["https://www.youtube.com/watch*"],"orig_noframes":null,"orig_run_at":"document-idle","use_blockers":[],"use_connects":[],"use_excludes":[],"use_includes":[],"use_matches":[]},"run_at":null},"settings":{"enabled":true,"position":46},"meta":{"name":"Youtube自动选择中文翻译字幕","uuid":"1b83f360-b677-4b72-949a-38a9e019d147","modified":1607430504135,"file_url":"https://greasyfork.org/scripts/414213-youtube%E8%87%AA%E5%8A%A8%E9%80%89%E6%8B%A9%E4%B8%AD%E6%96%87%E7%BF%BB%E8%AF%91%E5%AD%97%E5%B9%95/code/Youtube%E8%87%AA%E5%8A%A8%E9%80%89%E6%8B%A9%E4%B8%AD%E6%96%87%E7%BF%BB%E8%AF%91%E5%AD%97%E5%B9%95.user.js"}}