{"data":{"currentvideourl":"shttps://v.qq.com/x/cover/75ijb6qovzrhtp7/s0031etz4e4.html","document_url":"shttps://wenku.baidu.com/view/2ef1448aae45b307e87101f69e3143323868f515.html?from=search","episodeList":"o[]","episodeObj":"o{\"websiteTitle\":\"iqiyi\",\"episodeList\":[{\"aText\":1,\"href\":\"https://pcw-api.iqiyi.com/video/video/playervideoinfo?tvid=103198100&locale=cn_s\",\"description\":\"平行宇宙\"},{\"aText\":2,\"href\":\"https://pcw-api.iqiyi.com/video/video/playervideoinfo?tvid=103198000&locale=cn_s\",\"description\":\"玄武大师\"},{\"aText\":3,\"href\":\"https://pcw-api.iqiyi.com/video/video/playervideoinfo?tvid=103197900&locale=cn_s\",\"description\":\"狮王超兽\"},{\"aText\":4,\"href\":\"https://pcw-api.iqiyi.com/video/video/playervideoinfo?tvid=103197800&locale=cn_s\",\"description\":\"使命召唤\"},{\"aText\":5,\"href\":\"https://pcw-api.iqiyi.com/video/video/playervideoinfo?tvid=103197700&locale=cn_s\",\"description\":\"冥王复活\"},{\"aText\":6,\"href\":\"https://pcw-api.iqiyi.com/video/video/playervideoinfo?tvid=103197600&locale=cn_s\",\"description\":\"使命轮回\"},{\"aText\":7,\"href\":\"https://pcw-api.iqiyi.com/video/video/playervideoinfo?tvid=103197500&locale=cn_s\",\"description\":\"第二平行宇宙\"},{\"aText\":8,\"href\":\"https://pcw-api.iqiyi.com/video/video/playervideoinfo?tvid=103197400&locale=cn_s\",\"description\":\"蝎王超兽\"},{\"aText\":9,\"href\":\"https://pcw-api.iqiyi.com/video/video/playervideoinfo?tvid=103197300&locale=cn_s\",\"description\":\"热血交融\"},{\"aText\":10,\"href\":\"https://pcw-api.iqiyi.com/video/video/playervideoinfo?tvid=103197200&locale=cn_s\",\"description\":\"往事如烟\"},{\"aText\":11,\"href\":\"https://pcw-api.iqiyi.com/video/video/playervideoinfo?tvid=103197100&locale=cn_s\",\"description\":\"超兽神二合体\"},{\"aText\":12,\"href\":\"https://pcw-api.iqiyi.com/video/video/playervideoinfo?tvid=103197000&locale=cn_s\",\"description\":\"第三平行宇宙\"},{\"aText\":13,\"href\":\"https://pcw-api.iqiyi.com/video/video/playervideoinfo?tvid=103196900&locale=cn_s\",\"description\":\"泰雷诀\"},{\"aText\":14,\"href\":\"https://pcw-api.iqiyi.com/video/video/playervideoinfo?tvid=103196800&locale=cn_s\",\"description\":\"鲸鲨超兽\"},{\"aText\":15,\"href\":\"https://pcw-api.iqiyi.com/video/video/playervideoinfo?tvid=103196700&locale=cn_s\",\"description\":\"凤凰重生\"},{\"aText\":16,\"href\":\"https://pcw-api.iqiyi.com/video/video/playervideoinfo?tvid=103196600&locale=cn_s\",\"description\":\"超兽神三合体\"},{\"aText\":17,\"href\":\"https://pcw-api.iqiyi.com/video/video/playervideoinfo?tvid=103196500&locale=cn_s\",\"description\":\"穿山甲超兽\"},{\"aText\":18,\"href\":\"https://pcw-api.iqiyi.com/video/video/playervideoinfo?tvid=103196400&locale=cn_s\",\"description\":\"金象超兽\"},{\"aText\":19,\"href\":\"https://pcw-api.iqiyi.com/video/video/playervideoinfo?tvid=103229800&locale=cn_s\",\"description\":\"云蝠战队\"},{\"aText\":20,\"href\":\"https://pcw-api.iqiyi.com/video/video/playervideoinfo?tvid=103229700&locale=cn_s\",\"description\":\"超兽神四合体\"},{\"aText\":21,\"href\":\"https://pcw-api.iqiyi.com/video/video/playervideoinfo?tvid=103229900&locale=cn_s\",\"description\":\"第四平行宇宙\"},{\"aText\":22,\"href\":\"https://pcw-api.iqiyi.com/video/video/playervideoinfo?tvid=103230000&locale=cn_s\",\"description\":\"公平决斗\"},{\"aText\":23,\"href\":\"https://pcw-api.iqiyi.com/video/video/playervideoinfo?tvid=103230100&locale=cn_s\",\"description\":\"致命威胁\"},{\"aText\":24,\"href\":\"https://pcw-api.iqiyi.com/video/video/playervideoinfo?tvid=103230200&locale=cn_s\",\"description\":\"元空间\"},{\"aText\":25,\"href\":\"https://pcw-api.iqiyi.com/video/video/playervideoinfo?tvid=103230300&locale=cn_s\",\"description\":\"巨能云蝠阵\"},{\"aText\":26,\"href\":\"https://pcw-api.iqiyi.com/video/video/playervideoinfo?tvid=103230400&locale=cn_s\",\"description\":\"叛变\"},{\"aText\":27,\"href\":\"https://pcw-api.iqiyi.com/video/video/playervideoinfo?tvid=103230500&locale=cn_s\",\"description\":\"虫洞\"},{\"aText\":28,\"href\":\"https://pcw-api.iqiyi.com/video/video/playervideoinfo?tvid=103230600&locale=cn_s\",\"description\":\"强者之旅\"},{\"aText\":29,\"href\":\"https://pcw-api.iqiyi.com/video/video/playervideoinfo?tvid=103230700&locale=cn_s\",\"description\":\"冥之界\"},{\"aText\":30,\"href\":\"https://pcw-api.iqiyi.com/video/video/playervideoinfo?tvid=103230900&locale=cn_s\",\"description\":\"正邪对立\"}],\"originVideoUrl\":\"www.iqiyi.com\"}","init_window_url":"shttps://pan.baidu.com/share/init?surl=LPFT-Uho-1LbwjbjcyBe9g","plugin_code":"s7bmx","plugin_pickup_time":"n1608913126687","pull_website_time":"n1567611308294","pull_websites":"s{\"music_urls\":[{\"name\":\"组合线路一\",\"url\":\"http://music.sonimei.cn/?url=\"},{\"name\":\"组合线路二\",\"url\":\"http://tool.liumingye.cn/music/?type=qq&name=\"}],\"film_urls\":[{\"name\":\"组合线路一\",\"url\":\"http://www.guandianzhiku.com/v/s/?url=\"}]}"},"ts":1608913126687}