{"options":{"awareOfChrome":false,"check_for_updates":true,"comment":null,"compat_arrayleft":false,"compat_foreach":false,"compat_forvarin":false,"compat_metadata":false,"compat_uW_gmonkey":false,"compat_wrappedjsobject":false,"compatopts_for_requires":true,"noframes":null,"override":{"merge_connects":true,"merge_excludes":true,"merge_includes":true,"merge_matches":true,"orig_excludes":[],"orig_includes":["*://*.baidu.com/*","*://*.sogou.com/*","*://*.so.com/*","*://*.sm.cn/*","*://*.google.com/*","*://*.bing.com/*","*://*.cnki.net/*","*://*.wanfangdata.com.cn/*","*://*.cqvip.com/*","*://*.duxiu.com/*","*://*.sslibrary.com/*","*://*.chaoxing.com/*","*://*.drcnet.com.cn/*","*://*.qikan.com.cn/*","*://*.bookan.com.cn/*","*://*.exuezhe.com/*","*://*.lawyee.org/*","*://*.pkulaw.com/*","*://*.resset.cn/*","*://*.epsnet.com.cn/*","*://b.faloo.com/*","*://bbs.coocaa.com/*","*://book.hjsm.tom.com/*","*://book.zhulang.com/*","*://book.zongheng.com/*","*://book.hjsm.tom.com/*","*://chokstick.com/*","*://chuangshi.qq.com/*","*://yunqi.qq.com/*","*://city.udn.com/*","*://cutelisa55.pixnet.net/*","*://huayu.baidu.com/*","*://tiyu.baidu.com/*","*://yd.baidu.com/*","*://yuedu.baidu.com/*","*://imac.hk/*","*://life.tw/*","*://luxmuscles.com/*","*://read.qidian.com/*","*://www.15yan.com/*","*://www.17k.com/*","*://www.18183.com/*","*://www.360doc.com/*","*://www.eyu.com/*","*://www.hongshu.com/*","*://www.coco01.com/*","*://news.missevan.com/*","*://www.hongxiu.com/*","*://www.imooc.com/*","*://www.readnovel.com/*","*://www.tadu.com/*","*://www.jjwxc.net/*","*://www.xxsy.net/*","*://www.z3z4.com/*","*://yuedu.163.com/*"],"orig_matches":[],"orig_noframes":null,"orig_run_at":"document-start","use_blockers":[],"use_connects":[],"use_excludes":[],"use_includes":[],"use_matches":[]},"run_at":null},"settings":{"enabled":true,"position":40},"meta":{"name":"学位学术论文下载/文献期刊报纸会议杂志出版物年鉴检索下载/工具书免费下载/期刊检索VIP/大学论文VIP/博硕士专用VIP/知网万方维普读秀超星国研龙源等VIP，打破收费限制，永久免费下载","uuid":"2ac591fa-66c1-4e21-97f5-64ac43ea8486","modified":1579181510578,"file_url":"https://greasyfork.org/scripts/395147-%E5%AD%A6%E4%BD%8D%E5%AD%A6%E6%9C%AF%E8%AE%BA%E6%96%87%E4%B8%8B%E8%BD%BD-%E6%96%87%E7%8C%AE%E6%9C%9F%E5%88%8A%E6%8A%A5%E7%BA%B8%E4%BC%9A%E8%AE%AE%E6%9D%82%E5%BF%97%E5%87%BA%E7%89%88%E7%89%A9%E5%B9%B4%E9%89%B4%E6%A3%80%E7%B4%A2%E4%B8%8B%E8%BD%BD-%E5%B7%A5%E5%85%B7%E4%B9%A6%E5%85%8D%E8%B4%B9%E4%B8%8B%E8%BD%BD-%E6%9C%9F%E5%88%8A%E6%A3%80%E7%B4%A2vip-%E5%A4%A7%E5%AD%A6%E8%AE%BA%E6%96%87vip-%E5%8D%9A%E7%A1%95%E5%A3%AB%E4%B8%93%E7%94%A8vip-%E7%9F%A5%E7%BD%91%E4%B8%87%E6%96%B9%E7%BB%B4%E6%99%AE%E8%AF%BB%E7%A7%80%E8%B6%85%E6%98%9F%E5%9B%BD%E7%A0%94%E9%BE%99%E6%BA%90%E7%AD%89vip-%E6%89%93%E7%A0%B4%E6%94%B6%E8%B4%B9%E9%99%90%E5%88%B6-%E6%B0%B8%E4%B9%85%E5%85%8D%E8%B4%B9%E4%B8%8B%E8%BD%BD/code/%E5%AD%A6%E4%BD%8D%E5%AD%A6%E6%9C%AF%E8%AE%BA%E6%96%87%E4%B8%8B%E8%BD%BD%E6%96%87%E7%8C%AE%E6%9C%9F%E5%88%8A%E6%8A%A5%E7%BA%B8%E4%BC%9A%E8%AE%AE%E6%9D%82%E5%BF%97%E5%87%BA%E7%89%88%E7%89%A9%E5%B9%B4%E9%89%B4%E6%A3%80%E7%B4%A2%E4%B8%8B%E8%BD%BD%E5%B7%A5%E5%85%B7%E4%B9%A6%E5%85%8D%E8%B4%B9%E4%B8%8B%E8%BD%BD%E6%9C%9F%E5%88%8A%E6%A3%80%E7%B4%A2VIP%E5%A4%A7%E5%AD%A6%E8%AE%BA%E6%96%87VIP%E5%8D%9A%E7%A1%95%E5%A3%AB%E4%B8%93%E7%94%A8VIP%E7%9F%A5%E7%BD%91%E4%B8%87%E6%96%B9%E7%BB%B4%E6%99%AE%E8%AF%BB%E7%A7%80%E8%B6%85%E6%98%9F%E5%9B%BD%E7%A0%94%E9%BE%99%E6%BA%90%E7%AD%89VIP%EF%BC%8C%E6%89%93%E7%A0%B4%E6%94%B6%E8%B4%B9%E9%99%90%E5%88%B6%EF%BC%8C%E6%B0%B8%E4%B9%85%E5%85%8D%E8%B4%B9%E4%B8%8B%E8%BD%BD.user.js"}}