{"options":{"awareOfChrome":false,"check_for_updates":true,"comment":null,"compat_arrayleft":false,"compat_foreach":false,"compat_forvarin":false,"compat_metadata":false,"compat_uW_gmonkey":false,"compat_wrappedjsobject":false,"compatopts_for_requires":true,"noframes":null,"override":{"merge_connects":true,"merge_excludes":true,"merge_includes":true,"merge_matches":true,"orig_connects":[],"orig_excludes":[],"orig_includes":[],"orig_matches":["*://pan.baidu.com/*","*://yun.baidu.com/*"],"orig_noframes":null,"orig_run_at":"document-idle","use_blockers":[],"use_connects":[],"use_excludes":[],"use_includes":[],"use_matches":[]},"run_at":null},"settings":{"enabled":true,"position":53},"meta":{"name":"百度盘直接下载","uuid":"4013f290-5a59-4256-a962-7639272ec745","modified":1578045385426,"file_url":"https://greasyfork.org/scripts/13638-%E7%99%BE%E5%BA%A6%E7%9B%98%E7%9B%B4%E6%8E%A5%E4%B8%8B%E8%BD%BD/code/%E7%99%BE%E5%BA%A6%E7%9B%98%E7%9B%B4%E6%8E%A5%E4%B8%8B%E8%BD%BD.user.js"}}