{"options":{"awareOfChrome":false,"check_for_updates":true,"comment":null,"compat_arrayleft":false,"compat_foreach":false,"compat_forvarin":false,"compat_metadata":false,"compat_uW_gmonkey":false,"compat_wrappedjsobject":false,"compatopts_for_requires":true,"noframes":null,"override":{"merge_connects":true,"merge_excludes":true,"merge_includes":true,"merge_matches":true,"orig_connects":[],"orig_excludes":["https://pan.baidu.com/share/manage*"],"orig_includes":["http*://chaoshi.detail.tmall.com/*","http*://detail.tmall.com/*","http*://item.taobao.com/*","http*://list.tmall.com/*","http*://list.tmall.hk/*","http*://www.taobao.com/*","http*://www.tmall.com/*","http*://s.taobao.com/*","http*://detail.tmall.hk/*","http*://chaoshi.tmall.com/*"],"orig_matches":["https://pan.baidu.com/s/*","https://pan.baidu.com/share/*","https://yun.baidu.com/s/*"],"orig_noframes":null,"orig_run_at":"document-idle","use_blockers":[],"use_connects":[],"use_excludes":[],"use_includes":[],"use_matches":[]},"run_at":null},"settings":{"enabled":true,"position":51},"meta":{"name":"百度网盘VIP破解，超大文件直链下载，不限速下载，永久生效 ----- [由于版权问题，暂不支持提取码嗅探啦]","uuid":"d6cc155f-50de-41a4-802d-9ad427597e5b","modified":1577030157493,"file_url":"https://greasyfork.org/scripts/387135-%E7%99%BE%E5%BA%A6%E7%BD%91%E7%9B%98%E9%99%90%E9%80%9F%E7%A0%B4%E8%A7%A3-%E8%B6%85%E5%A4%A7%E6%96%87%E4%BB%B6%E7%9B%B4%E9%93%BE%E4%B8%8B%E8%BD%BD-%E6%B0%B8%E4%B9%85%E7%94%9F%E6%95%88/code/%E7%99%BE%E5%BA%A6%E7%BD%91%E7%9B%98%E9%99%90%E9%80%9F%E7%A0%B4%E8%A7%A3%EF%BC%8C%E8%B6%85%E5%A4%A7%E6%96%87%E4%BB%B6%E7%9B%B4%E9%93%BE%E4%B8%8B%E8%BD%BD%EF%BC%8C%E6%B0%B8%E4%B9%85%E7%94%9F%E6%95%88.user.js"}}