{"options":{"awareOfChrome":false,"check_for_updates":true,"comment":null,"compat_arrayleft":false,"compat_foreach":false,"compat_forvarin":false,"compat_metadata":false,"compat_uW_gmonkey":false,"compat_wrappedjsobject":false,"compatopts_for_requires":true,"noframes":null,"override":{"merge_connects":true,"merge_excludes":true,"merge_includes":true,"merge_matches":true,"orig_excludes":[],"orig_includes":[],"orig_matches":["http://pan.baidu.com/*","https://pan.baidu.com/*"],"orig_noframes":null,"orig_run_at":"document-end","use_blockers":[],"use_connects":[],"use_excludes":[],"use_includes":[],"use_matches":[]},"run_at":null},"settings":{"enabled":true,"position":23},"meta":{"name":"百度云盘HTML5视频倍速播放","uuid":"7850b837-41d1-4121-9f95-98b5bd884368","modified":1563630913420,"file_url":"https://greasyfork.org/scripts/374693-%E7%99%BE%E5%BA%A6%E4%BA%91%E7%9B%98html5%E8%A7%86%E9%A2%91%E5%80%8D%E9%80%9F%E6%92%AD%E6%94%BE/code/%E7%99%BE%E5%BA%A6%E4%BA%91%E7%9B%98HTML5%E8%A7%86%E9%A2%91%E5%80%8D%E9%80%9F%E6%92%AD%E6%94%BE.user.js"}}