{"options":{"awareOfChrome":false,"check_for_updates":true,"comment":null,"compat_arrayleft":false,"compat_foreach":false,"compat_forvarin":false,"compat_metadata":false,"compat_uW_gmonkey":false,"compat_wrappedjsobject":false,"compatopts_for_requires":true,"noframes":null,"override":{"merge_connects":true,"merge_excludes":true,"merge_includes":true,"merge_matches":true,"orig_excludes":[],"orig_includes":[],"orig_matches":["https://www.zhihu.com/*"],"orig_noframes":null,"orig_run_at":"document-start","use_blockers":[],"use_connects":[],"use_excludes":[],"use_includes":[],"use_matches":[]},"run_at":null},"settings":{"enabled":true,"position":32},"meta":{"name":"知乎免登录[2018]","uuid":"9f690ed1-ebb4-46ff-8b6a-4d34191b5baf","modified":1567589719241,"file_url":"https://greasyfork.org/scripts/375641-%E7%9F%A5%E4%B9%8E%E5%85%8D%E7%99%BB%E5%BD%95-2018/code/%E7%9F%A5%E4%B9%8E%E5%85%8D%E7%99%BB%E5%BD%95%5B2018%5D.user.js"}}