{"options":{"awareOfChrome":false,"check_for_updates":true,"comment":null,"compat_arrayleft":false,"compat_foreach":false,"compat_forvarin":false,"compat_metadata":false,"compat_uW_gmonkey":false,"compat_wrappedjsobject":false,"compatopts_for_requires":true,"noframes":null,"override":{"merge_connects":true,"merge_excludes":true,"merge_includes":true,"merge_matches":true,"orig_excludes":[],"orig_includes":["*cnki.net*","*cqvip.com*","*210.47.0.21/~root/search*"],"orig_matches":[],"orig_noframes":null,"orig_run_at":"document-idle","use_blockers":[],"use_connects":[],"use_excludes":[],"use_includes":[],"use_matches":[]},"run_at":null},"settings":{"enabled":false,"position":3},"meta":{"name":"知网维普免费入口","uuid":"23ca3e0b-13e1-427a-828b-e1c15d5535b3","modified":1550175703657,"file_url":"https://greasyfork.org/scripts/50738-%E7%9F%A5%E7%BD%91%E7%BB%B4%E6%99%AE%E5%85%8D%E8%B4%B9%E5%85%A5%E5%8F%A3/code/%E7%9F%A5%E7%BD%91%E7%BB%B4%E6%99%AE%E5%85%8D%E8%B4%B9%E5%85%A5%E5%8F%A3.user.js"}}