{"options":{"awareOfChrome":false,"check_for_updates":true,"compat_arrayleft":false,"compat_foreach":false,"compat_forvarin":false,"compat_metadata":false,"compat_uW_gmonkey":false,"compat_wrappedjsobject":false,"compatopts_for_requires":true,"noframes":null,"override":{"merge_connects":true,"merge_excludes":true,"merge_includes":true,"merge_matches":true,"orig_connects":[],"orig_excludes":["http://image.cnki.net/*"],"orig_includes":["http*://*.cnki.net/*","http*://*.cnki.net.*/*","*/DefaultResult/Index*","*/KNS8/AdvSearch*","*/detail.aspx*","*/CatalogViewPage.aspx*","*/Article/*","*/kns/brief/*","*/kns55/brief/*","*/grid2008/brief/*","*/detail/detail.aspx*"],"orig_matches":[],"orig_noframes":null,"orig_run_at":"document-idle","use_blockers":[],"use_connects":["chn.oversea.cnki.net"],"use_excludes":[],"use_includes":[],"use_matches":[]},"run_at":null},"settings":{"enabled":true,"position":38},"meta":{"name":"知网PDF下载助手","uuid":"68dd7864-26f4-4d81-89e2-42461abd30d8","modified":1609859153585,"file_url":"https://greasyfork.org/scripts/390733-%E7%9F%A5%E7%BD%91pdf%E4%B8%8B%E8%BD%BD%E5%8A%A9%E6%89%8B/code/%E7%9F%A5%E7%BD%91PDF%E4%B8%8B%E8%BD%BD%E5%8A%A9%E6%89%8B.user.js"}}