{"options":{"awareOfChrome":false,"check_for_updates":true,"compat_arrayleft":false,"compat_foreach":false,"compat_forvarin":false,"compat_metadata":false,"compat_uW_gmonkey":false,"compat_wrappedjsobject":false,"compatopts_for_requires":true,"noframes":null,"override":{"merge_connects":true,"merge_excludes":true,"merge_includes":true,"merge_matches":true,"orig_connects":["cnki.net"],"orig_excludes":[],"orig_includes":["*/DefaultResult/Index*","*/KNS8/AdvSearch*","*/detail.aspx*","*/CatalogViewPage.aspx*","*/Article/*"],"orig_matches":["https://www.cnki.net/"],"orig_noframes":null,"orig_run_at":"document-end","use_blockers":[],"use_connects":[],"use_excludes":[],"use_includes":[],"use_matches":[]},"run_at":null},"settings":{"enabled":true,"position":4},"meta":{"name":"知网下载助手","uuid":"68d8a4d8-5d11-4336-a407-7e61ed02752c","modified":1609200031619,"file_url":"https://greasyfork.org/scripts/371938-%E7%9F%A5%E7%BD%91%E4%B8%8B%E8%BD%BD%E5%8A%A9%E6%89%8B/code/%E7%9F%A5%E7%BD%91%E4%B8%8B%E8%BD%BD%E5%8A%A9%E6%89%8B.user.js"}}