{"data":{"$config":"o{\"uid\":\"8b7uxfld0k6q1raiyd06kx11fb8x3iju\",\"share_log_list\":{\"baidu#mBnN4X7n0E8WfjH1DhZYKg\":{\"share_id\":\"mBnN4X7n0E8WfjH1DhZYKg\",\"share_pwd\":\"7r7o\",\"share_link\":\"https://pan.baidu.com/share/init?surl=mBnN4X7n0E8WfjH1DhZYKg\",\"share_source\":\"baidu\",\"share_time\":1608911349883},\"baidu#LPFT-Uho-1LbwjbjcyBe9g\":{\"share_id\":\"LPFT-Uho-1LbwjbjcyBe9g\",\"share_pwd\":\"7bmx\",\"share_link\":\"https://pan.baidu.com/share/init?surl=LPFT-Uho-1LbwjbjcyBe9g\",\"share_source\":\"baidu\",\"share_time\":1608913126925}}}","$storage":"o{\"version_date\":\"20210114\",\"version_payload\":{\"version\":\"0.4.7\"},\"version_latest\":\"0.4.7\"}"},"ts":1610556353466}