{"options":{"awareOfChrome":false,"check_for_updates":true,"comment":null,"compat_arrayleft":false,"compat_foreach":false,"compat_forvarin":false,"compat_metadata":false,"compat_uW_gmonkey":false,"compat_wrappedjsobject":false,"compatopts_for_requires":true,"noframes":null,"override":{"merge_connects":true,"merge_excludes":true,"merge_includes":true,"merge_matches":true,"orig_connects":["www.lanzous.com","pan.baidu.com","share.weiyun.com","cloud.189.cn","newday.me","likestyle.cn"],"orig_excludes":[],"orig_includes":[],"orig_matches":["*://**/*"],"orig_noframes":true,"orig_run_at":"document-start","use_blockers":[],"use_connects":[],"use_excludes":[],"use_includes":[],"use_matches":[]},"run_at":null},"settings":{"enabled":true,"position":48},"meta":{"name":"网盘链接检查","uuid":"2191a49b-01cb-42cf-8868-4c4f46b52b3a","modified":1606144078246,"file_url":"https://greasyfork.org/scripts/394216-%E7%BD%91%E7%9B%98%E9%93%BE%E6%8E%A5%E6%A3%80%E6%9F%A5/code/%E7%BD%91%E7%9B%98%E9%93%BE%E6%8E%A5%E6%A3%80%E6%9F%A5.user.js"}}