{"data":{"CatPW":"o{\"date\":\"2020/12/25\",\"sCode\":\"\",\"unPW\":\"\",\"Src\":\"https://pan.baidu.com/s/1mBnN4X7n0E8WfjH1DhZYKg\",\"surl\":\"\",\"Hash\":\"\",\"webSrc\":\"https%3A%2F%2Fwww.google.com%2Fsearch%3Fq%3Dhttps%253A%252F%252Fpan.baidu.com%252Fs%252F1mBnN4X7n0E8WfjH1DhZYKg%26ie%3DUTF-8\",\"webTitle\":\"https%3A%2F%2Fpan.baidu.com%2Fs%2F1mBnN4X7n0E8WfjH1DhZYKg-Google%E6%90%9C%E7%B4%A2\"}","CatPW_Manage":"o{\"StorageSave\":true,\"UpdataConfig\":{\"UpdataSave\":true,\"UpdataNotify\":true,\"UpdataPlugin\":true,\"UpdataVersion\":\"3.14.15\"},\"StorageExp\":365}"},"ts":1608911236356}