{"data":{"$check":"o{\"baidu#UatWUnVUGoIvxzWAKKwA9w\":{\"share_id\":\"UatWUnVUGoIvxzWAKKwA9w\",\"share_source\":\"baidu\",\"check_state\":1,\"check_time\":1609420645718},\"weiyun#5sxEV38\":{\"share_id\":\"5sxEV38\",\"share_source\":\"weiyun\",\"check_state\":1,\"check_time\":1608910757701},\"weiyun#5BHOc3T\":{\"share_id\":\"5BHOc3T\",\"share_source\":\"weiyun\",\"check_state\":1,\"check_time\":1608910757908},\"weiyun#5Gbkxsd\":{\"share_id\":\"5Gbkxsd\",\"share_source\":\"weiyun\",\"check_state\":1,\"check_time\":1608910758007},\"baidu#mBnN4X7n0E8WfjH1DhZYKg\":{\"share_id\":\"mBnN4X7n0E8WfjH1DhZYKg\",\"share_source\":\"baidu\",\"check_state\":2,\"check_time\":1608911237747},\"baidu#LPFT-Uho-1LbwjbjcyBe9g\":{\"share_id\":\"LPFT-Uho-1LbwjbjcyBe9g\",\"share_source\":\"baidu\",\"check_state\":2,\"check_time\":1608913117732},\"baidu#HDVjd47YWN5_ayJCElGIpg\":{\"share_id\":\"HDVjd47YWN5_ayJCElGIpg\",\"share_source\":\"baidu\",\"check_state\":1,\"check_time\":1610147209231},\"baidu#aY92IEQ_sDmLvEhJ_J4vkQ\":{\"share_id\":\"aY92IEQ_sDmLvEhJ_J4vkQ\",\"share_source\":\"baidu\",\"check_state\":1,\"check_time\":1608988823480},\"baidu#mivc2aG\":{\"share_id\":\"mivc2aG\",\"share_source\":\"baidu\",\"check_state\":2,\"check_time\":1609083557025},\"baidu#V2xo7rQQMDFIlXY5tJCUQQ\":{\"share_id\":\"V2xo7rQQMDFIlXY5tJCUQQ\",\"share_source\":\"baidu\",\"check_state\":1,\"check_time\":1610373476468},\"baidu#VoJlEqPnPN8H6oklAZ0bGQ\":{\"share_id\":\"VoJlEqPnPN8H6oklAZ0bGQ\",\"share_source\":\"baidu\",\"check_state\":2,\"check_time\":1609153713616},\"baidu#GxZoH32j5Q46luC6F0YxVg\":{\"share_id\":\"GxZoH32j5Q46luC6F0YxVg\",\"share_source\":\"baidu\",\"check_state\":1,\"check_time\":1609517385623},\"baidu#IzlqK5FdD2lrYe0J\":{\"share_id\":\"IzlqK5FdD2lrYe0J\",\"share_source\":\"baidu\",\"check_state\":-1,\"check_time\":1609517834693},\"baidu#o73W3kY\":{\"share_id\":\"o73W3kY\",\"share_source\":\"baidu\",\"check_state\":1,\"check_time\":1609763824834},\"baidu#mcn3XCma9_0C2LpDVytYsg\":{\"share_id\":\"mcn3XCma9_0C2LpDVytYsg\",\"share_source\":\"baidu\",\"check_state\":1,\"check_time\":1610149480647},\"baidu#danRcnTLy58J1-RyNMs21w\":{\"share_id\":\"danRcnTLy58J1-RyNMs21w\",\"share_source\":\"baidu\",\"check_state\":-1,\"check_time\":1610556400591}}","$config":"o{\"uid\":\"px88qayzy8sy6l6ryrfljk4ian048dpq\"}","$storage":"o{\"version_date\":\"20210114\",\"version_payload\":{\"version\":\"0.2.0\"},\"version_latest\":\"0.2.0\"}"},"ts":1610556400591}