{"options":{"awareOfChrome":false,"check_for_updates":true,"comment":null,"compat_arrayleft":false,"compat_foreach":false,"compat_forvarin":false,"compat_metadata":false,"compat_uW_gmonkey":false,"compat_wrappedjsobject":false,"compatopts_for_requires":true,"noframes":null,"override":{"merge_connects":true,"merge_excludes":true,"merge_includes":true,"merge_matches":true,"orig_excludes":[],"orig_includes":["https://mooc1-2.chaoxing.com/ananas/modules/video/index.html*"],"orig_matches":[],"orig_noframes":null,"orig_run_at":"document-idle","use_blockers":[],"use_connects":[],"use_excludes":[],"use_includes":[],"use_matches":[]},"run_at":null},"settings":{"enabled":true,"position":12},"meta":{"name":"苦逼的北邮同学们，只能帮你们到这了","uuid":"dbc2dce4-642d-426e-9aab-a56050333fd9","modified":1552913808111,"file_url":"https://greasyfork.org/scripts/39822-%E8%8B%A6%E9%80%BC%E7%9A%84%E5%8C%97%E9%82%AE%E5%90%8C%E5%AD%A6%E4%BB%AC-%E5%8F%AA%E8%83%BD%E5%B8%AE%E4%BD%A0%E4%BB%AC%E5%88%B0%E8%BF%99%E4%BA%86/code/%E8%8B%A6%E9%80%BC%E7%9A%84%E5%8C%97%E9%82%AE%E5%90%8C%E5%AD%A6%E4%BB%AC%EF%BC%8C%E5%8F%AA%E8%83%BD%E5%B8%AE%E4%BD%A0%E4%BB%AC%E5%88%B0%E8%BF%99%E4%BA%86.user.js"}}