{"options":{"awareOfChrome":false,"check_for_updates":true,"compat_arrayleft":false,"compat_foreach":false,"compat_forvarin":false,"compat_metadata":false,"compat_uW_gmonkey":false,"compat_wrappedjsobject":false,"compatopts_for_requires":true,"noframes":null,"override":{"merge_connects":true,"merge_excludes":true,"merge_includes":true,"merge_matches":true,"orig_connects":[],"orig_excludes":["https://user.qzone.qq.com/*"],"orig_includes":["https://*.qq.com/*","https://www.weiyun.com/video_*","https://v.youku.com/v_show/id_*","https://vku.youku.com/live/*","https://video.tudou.com/v/*","https://www.iqiyi.com/*","https://www.bilibili.com/*","https://www.ixigua.com/*","http://www.le.com/ptv/vplay/*","https://www.le.com/ptv/vplay/*","https://www.acfun.cn/*","http://v.pptv.com/show/*","https://v.pptv.com/show/*","http://www.miguvideo.com/*","https://www.miguvideo.com/*","https://tv.sohu.com/*","https://film.sohu.com/album/*","https://www.mgtv.com/*","http://m.fun.tv/*","https://m.fun.tv/*","http://www.fun.tv/vplay/*","https://www.fun.tv/vplay/*","https://*.163.com/*","https://*.icourse163.org/*","https://*.sina.com.cn/*","https://video.sina.cn/*","https://k.sina.cn/*","https://weibo.com/*","https://*.weibo.com/*","https://pan.baidu.com/*","https://yun.baidu.com/*","http://v.ifeng.com/*","https://v.ifeng.com/*","http://news.mtime.com/*","http://video.mtime.com/*","https://www.youtube.com/watch?v=*","https://www.ted.com/talks/*","https://www.yy.com/*","https://v.huya.com/play/*","https://www.huya.com/*","https://v.douyu.com/*","https://www.douyu.com/*","http://star.longzhu.com/*","https://star.longzhu.com/*","https://www.zhanqi.tv/*","https://www.yunbtv.com/vodplay/*","*://www.dililitv.com/*","*://www.tomisun.net/tv-play-*","https://www.mkvdo.com/play/*"],"orig_matches":[],"orig_noframes":true,"orig_run_at":"document-start","use_blockers":[],"use_connects":[],"use_excludes":[],"use_includes":[],"use_matches":[]},"run_at":null},"settings":{"enabled":true,"position":6},"meta":{"name":"视频网HTML5播放小工具","uuid":"b90f9331-5a02-4607-ab5f-64e4466b2ee1","modified":1610199957372,"file_url":"https://greasyfork.org/scripts/30545-%E8%A7%86%E9%A2%91%E7%AB%99%E5%90%AF%E7%94%A8html5%E6%92%AD%E6%94%BE%E5%99%A8/code/%E8%A7%86%E9%A2%91%E7%AB%99%E5%90%AF%E7%94%A8html5%E6%92%AD%E6%94%BE%E5%99%A8.user.js"}}