{"options":{"awareOfChrome":false,"check_for_updates":true,"compat_arrayleft":false,"compat_foreach":false,"compat_forvarin":false,"compat_metadata":false,"compat_uW_gmonkey":false,"compat_wrappedjsobject":false,"compatopts_for_requires":true,"noframes":null,"override":{"merge_connects":true,"merge_excludes":true,"merge_includes":true,"merge_matches":true,"orig_connects":[],"orig_excludes":[],"orig_includes":["*://*.cnki.net*/*/Detail*"],"orig_matches":[],"orig_noframes":null,"orig_run_at":"document-idle","use_blockers":[],"use_connects":[],"use_excludes":[],"use_includes":[],"use_matches":[]},"run_at":null},"settings":{"enabled":true,"position":39},"meta":{"name":"解除知网复制限制CNKI copy !!","uuid":"4c89f6ac-e4dc-4115-9b29-0dcb60db76d8","modified":1608549674067,"file_url":"https://greasyfork.org/scripts/393843-%E8%A7%A3%E9%99%A4%E7%9F%A5%E7%BD%91%E5%A4%8D%E5%88%B6%E9%99%90%E5%88%B6cnki-copy/code/%E8%A7%A3%E9%99%A4%E7%9F%A5%E7%BD%91%E5%A4%8D%E5%88%B6%E9%99%90%E5%88%B6CNKI%20copy%20!!.user.js"}}