{"options":{"awareOfChrome":false,"check_for_updates":true,"compat_arrayleft":false,"compat_foreach":false,"compat_forvarin":false,"compat_metadata":false,"compat_uW_gmonkey":false,"compat_wrappedjsobject":false,"compatopts_for_requires":true,"noframes":null,"override":{"merge_connects":true,"merge_excludes":true,"merge_includes":true,"merge_matches":true,"orig_connects":[],"orig_excludes":[],"orig_includes":[],"orig_matches":["https://weibo.com/*","https://www.weibo.com/*"],"orig_noframes":null,"orig_run_at":"document-idle","use_blockers":[],"use_connects":[],"use_excludes":[],"use_includes":[],"use_matches":[]},"run_at":null},"settings":{"enabled":true,"position":33},"meta":{"name":"让微博按正确的时间线排序","uuid":"9007c90a-0839-40ba-9da8-82b12c37e4d3","modified":1606144113346,"file_url":"https://greasyfork.org/scripts/384547-%E8%AE%A9%E5%BE%AE%E5%8D%9A%E6%8C%89%E6%AD%A3%E7%A1%AE%E7%9A%84%E6%97%B6%E9%97%B4%E7%BA%BF%E6%8E%92%E5%BA%8F/code/%E8%AE%A9%E5%BE%AE%E5%8D%9A%E6%8C%89%E6%AD%A3%E7%A1%AE%E7%9A%84%E6%97%B6%E9%97%B4%E7%BA%BF%E6%8E%92%E5%BA%8F.user.js"}}