{"options":{"awareOfChrome":false,"check_for_updates":true,"comment":null,"compat_arrayleft":false,"compat_foreach":false,"compat_forvarin":false,"compat_metadata":false,"compat_uW_gmonkey":false,"compat_wrappedjsobject":false,"compatopts_for_requires":true,"noframes":null,"override":{"merge_connects":true,"merge_excludes":true,"merge_includes":true,"merge_matches":true,"orig_excludes":["*://tieba.baidu.com/f/fdir*","*://tieba.baidu.com/f/search*"],"orig_includes":["*://tieba.baidu.com/*"],"orig_matches":[],"orig_noframes":null,"orig_run_at":"document-body","use_blockers":[],"use_connects":[],"use_excludes":[],"use_includes":[],"use_matches":[]},"run_at":null},"settings":{"enabled":true,"position":29},"meta":{"name":"贴吧全能助手","uuid":"6d0063b7-213c-41ec-b981-544929bced3b","modified":1567589601331,"file_url":"https://greasyfork.org/scripts/26992-%E8%B4%B4%E5%90%A7%E5%85%A8%E8%83%BD%E5%8A%A9%E6%89%8B/code/%E8%B4%B4%E5%90%A7%E5%85%A8%E8%83%BD%E5%8A%A9%E6%89%8B.user.js"}}