{"options":{"awareOfChrome":false,"check_for_updates":true,"compat_arrayleft":false,"compat_foreach":false,"compat_forvarin":false,"compat_metadata":false,"compat_uW_gmonkey":false,"compat_wrappedjsobject":false,"compatopts_for_requires":true,"noframes":null,"override":{"merge_connects":true,"merge_excludes":true,"merge_includes":true,"merge_matches":true,"orig_connects":["forestpolice.org"],"orig_excludes":[],"orig_includes":[],"orig_matches":["*://*.chaoxing.com/*","*://*.edu.cn/*"],"orig_noframes":null,"orig_run_at":"document-end","use_blockers":[],"use_connects":[],"use_excludes":[],"use_includes":[],"use_matches":[]},"run_at":null},"settings":{"enabled":true,"position":9},"meta":{"name":"超星网课助手","uuid":"856d8362-fc17-471f-a28f-4b06d03d64e4","modified":1608549674339,"file_url":"https://greasyfork.org/scripts/369625-%E8%B6%85%E6%98%9F%E7%BD%91%E8%AF%BE%E5%8A%A9%E6%89%8B/code/%E8%B6%85%E6%98%9F%E7%BD%91%E8%AF%BE%E5%8A%A9%E6%89%8B.user.js"}}