{"options":{"awareOfChrome":false,"check_for_updates":true,"comment":null,"compat_arrayleft":false,"compat_foreach":false,"compat_forvarin":false,"compat_metadata":false,"compat_uW_gmonkey":false,"compat_wrappedjsobject":false,"compatopts_for_requires":true,"noframes":null,"override":{"merge_connects":true,"merge_excludes":true,"merge_includes":true,"merge_matches":true,"orig_excludes":[],"orig_includes":[],"orig_matches":["*://*.chaoxing.com/course/*","*://*.chaoxing.com/ztnodedetailcontroller/*"],"orig_noframes":null,"orig_run_at":"document-idle","use_blockers":[],"use_connects":[],"use_excludes":[],"use_includes":[],"use_matches":[]},"run_at":null},"settings":{"enabled":true,"position":11},"meta":{"name":"超星自动阅读","uuid":"60f32cb8-7790-4e9f-b4f3-a26ff0870be0","modified":1552913749405,"file_url":"https://greasyfork.org/scripts/373309-%E8%B6%85%E6%98%9F%E8%87%AA%E5%8A%A8%E9%98%85%E8%AF%BB/code/%E8%B6%85%E6%98%9F%E8%87%AA%E5%8A%A8%E9%98%85%E8%AF%BB.user.js"}}