{"options":{"awareOfChrome":false,"check_for_updates":true,"compat_arrayleft":false,"compat_foreach":false,"compat_forvarin":false,"compat_metadata":false,"compat_uW_gmonkey":false,"compat_wrappedjsobject":false,"compatopts_for_requires":true,"noframes":null,"override":{"merge_connects":true,"merge_excludes":true,"merge_includes":true,"merge_matches":true,"orig_connects":["forestpolice.org"],"orig_excludes":[],"orig_includes":[],"orig_matches":["*://*.chaoxing.com/exam/test/reVersionTestStartNew*","*://*.edu.cn/exam/test/reVersionTestStartNew*"],"orig_noframes":null,"orig_run_at":"document-end","use_blockers":[],"use_connects":[],"use_excludes":[],"use_includes":[],"use_matches":[]},"run_at":null},"settings":{"enabled":true,"position":10},"meta":{"name":"超星网课助手(考试专版)","uuid":"d8401d48-6a3b-46dc-b87b-e10f7785b9ba","modified":1608214519089,"file_url":"https://greasyfork.org/scripts/373131-%E8%B6%85%E6%98%9F%E7%BD%91%E8%AF%BE%E5%8A%A9%E6%89%8B-%E8%80%83%E8%AF%95%E4%B8%93%E7%89%88/code/%E8%B6%85%E6%98%9F%E7%BD%91%E8%AF%BE%E5%8A%A9%E6%89%8B(%E8%80%83%E8%AF%95%E4%B8%93%E7%89%88).user.js"}}